<xml xmlns:o="urn:schemas-microsoft-com:office:office">
 <o:MainFile HRef="../index.htm"/>
 <o:File HRef="item0016.xml"/>
 <o:File HRef="props0017.xml"/>
 <o:File HRef="themedata.thmx"/>
 <o:File HRef="colorschememapping.xml"/>
 <o:File HRef="image001.jpg"/>
 <o:File HRef="image002.jpg"/>
 <o:File HRef="image003.jpg"/>
 <o:File HRef="image010.jpg"/>
 <o:File HRef="image011.png"/>
 <o:File HRef="image005.jpg"/>
 <o:File HRef="image004.jpg"/>
 <o:File HRef="image007.jpg"/>
 <o:File HRef="image006.jpg"/>
 <o:File HRef="filelist.xml"/>
</xml>