<xml xmlns:o="urn:schemas-microsoft-com:office:office">
 <o:MainFile HRef="../index1.htm"/>
 <o:File HRef="item0015.xml"/>
 <o:File HRef="props0016.xml"/>
 <o:File HRef="themedata.thmx"/>
 <o:File HRef="colorschememapping.xml"/>
 <o:File HRef="image001.jpg"/>
 <o:File HRef="image001.jpg"/>
 <o:File HRef="image002.jpg"/>
 <o:File HRef="image010.jpg"/>
 <o:File HRef="image004.jpg"/>
 <o:File HRef="image011.png"/>
 <o:File HRef="image006.jpg"/>
 <o:File HRef="image012.jpg"/>
 <o:File HRef="filelist.xml"/>
</xml>